SFNF,1
Ozarks1,2
Ozarks2,3
Ozarks3,4
MarkTwain1,5
MarkTwain2,6
Ozarkother,7
HealingStones,8
MammothCave,9
ChequamegonNicoletNF,10
WaupacaWI,11
WhitewaterWI,12
BarreVT,13
JerrichoVT,14
GreenMtnVT_South,15
GreenMtnVT_North,16
PutneyVT,17
Allegheny_Dew_drop_Kinzua,18
Allegheny_Riverway,19
Allegheny_Cook,20
Allegheny_Golden,21
Allegheny_Mayberg,22
Allegheny_Yard_trees,23
DaveGallagherON,24
BarbBoysenON,25
NottawasgaLakeON,26
GilbertIslandNB,27
KeswickRidgeNB,28
BlackvilleNB,29
Riggleman,30
G Washington,31
Shenandoah North,32
Shenandoah South,33
CNF,34
SandysCT,35
MMontgomeryCT,36
SunshineNC,37
Iowa,38
Mass,39
Indiana,40
Hoosier,41
Cultivars_Arboretum,42
Other_Of_Interest,43
Other_Junk,44
Jas_All,45
newPops,46
